Contract,Clientes,Bajas,Ingreso_Mensual,Ticket_Medio,Tenure_Medio,Servicios_Medios,Tasa_Churn,Ingreso_Riesgo
Month-to-month,3875,1655,257294.15,66.39849032258064,18.036645161290323,2.8371612903225807,0.4270967741935484,109889.50148387098
One year,1473,166,95816.6,65.04860828241684,42.044806517311606,3.822131704005431,0.11269517990495587,10798.068974881195
Two year,1695,48,103005.85,60.770412979351036,56.73510324483776,4.165781710914454,0.02831858407079646,2916.9798230088495
