PaymentMethod,Clientes,Bajas,Ingreso_Mensual,Ticket_Medio,Tenure_Medio,Servicios_Medios,Tasa_Churn,Ingreso_Riesgo
Electronic check,2365,1071,180345.0,76.25581395348837,25.17463002114165,3.4684989429175475,0.4528541226215645,81669.97674418605
Mailed check,1612,308,70794.3,43.91705955334988,21.830024813895783,2.2562034739454093,0.19106699751861042,13526.454342431762
Bank transfer (automatic),1544,258,103745.45,67.19264896373056,43.65673575129534,3.8452072538860103,0.16709844559585493,17335.703432642487
Credit card (automatic),1522,232,101231.85,66.5123850197109,43.269382391590014,3.8817345597897503,0.15243101182654403,15430.873324572933
