ChurnRiskProfile,Clientes,Bajas,Ingreso_Mensual,Ticket_Medio,Tenure_Medio,Servicios_Medios,Tasa_Churn,Ingreso_Riesgo
Riesgo alto,954,602,66071.55,69.25738993710692,4.426624737945493,2.407756813417191,0.6310272536687631,41692.94874213837
Riesgo medio,1777,700,101096.1,56.89144625773776,10.147439504783343,2.3866066404051773,0.3939223410241981,39824.01238041643
Riesgo medio-bajo,1623,382,108418.45,66.80126309303758,33.59026494146642,3.4085027726432533,0.23536660505237214,25518.082501540357
Riesgo bajo,2689,185,180530.5,67.13666790628487,56.2357753811826,4.319449609520268,0.0687988099665303,12420.283562662698
